experiment,exp_id,ensemble_size,aggregation,include_age,include_sex,simplified_categories,agg_auroc_omi,agg_auroc_nonomi,agg_auroc_control,agg_brier_simplified,accuracy,f1_macro,brier
baseline,exp_001,5,logits,True,True,False,0.9720104606220192,0.8613014228757241,0.8872537008630557,0.02453176490053005,0.9869307656291351,0.5591158754016267,0.04654851672617008
simplified_categories,exp_002,5,logits,True,True,True,0.9482926165207526,0.8400974532488528,0.867815336161341,,,,0.0390235248558879
no_demographics,exp_003,5,logits,False,False,False,0.9567065439303755,0.8333465757427118,0.8622722028597872,0.024493798940192116,0.9870732650693158,0.5679872827878435,0.044884133989577434
single_model,exp_004,1,logits,True,True,False,0.951935042456065,0.8617044395812352,0.885016953208033,0.023521320452059503,0.9862793396168801,0.5616347635586104,0.04051999646562299
probability_averaging,exp_005,5,probabilities,True,True,False,0.9672899597801168,0.8650695232539126,0.8878565228117099,0.02420542224330187,0.9891700425462614,0.5710688388898956,0.0463921335690834
